assay,region,position,mean_abs_ig,n,cohort_n,ig_baseline,ig_steps
PSR,CDR3,1,0.008437132116664452,11265,11265,length-matched uniform amino-acid reference,200
PSR,CDR3,2,0.26239496979745053,11265,11265,length-matched uniform amino-acid reference,200
PSR,CDR3,3,0.1459511016372987,11265,11265,length-matched uniform amino-acid reference,200
PSR,CDR3,4,0.3308420635051818,11265,11265,length-matched uniform amino-acid reference,200
PSR,CDR3,5,0.29927972870594016,11265,11265,length-matched uniform amino-acid reference,200
PSR,CDR3,6,0.31622679749169624,11265,11265,length-matched uniform amino-acid reference,200
PSR,CDR3,7,0.26631215747440934,11265,11265,length-matched uniform amino-acid reference,200
PSR,CDR3,8,0.2463286246610213,11265,11265,length-matched uniform amino-acid reference,200
PSR,CDR3,9,0.22348539384278665,11261,11265,length-matched uniform amino-acid reference,200
PSR,CDR3,10,0.22076051701328803,11233,11265,length-matched uniform amino-acid reference,200
PSR,CDR3,11,0.1864038188353633,11081,11265,length-matched uniform amino-acid reference,200
PSR,CDR3,12,0.1506711684665099,10510,11265,length-matched uniform amino-acid reference,200
PSR,CDR3,13,0.12050650769862278,9572,11265,length-matched uniform amino-acid reference,200
PSR,CDR3,14,0.10921344935538521,8110,11265,length-matched uniform amino-acid reference,200
PSR,CDR3,15,0.09131737613298131,6050,11265,length-matched uniform amino-acid reference,200
PSR,CDR3,16,0.15952889178821514,3485,11265,length-matched uniform amino-acid reference,200
PSR,CDR3,17,0.06606143330681165,1896,11265,length-matched uniform amino-acid reference,200
PSR,CDR3,18,0.11083751859590454,336,11265,length-matched uniform amino-acid reference,200
PSR,CDR3,19,0.1045711570550338,160,11265,length-matched uniform amino-acid reference,200
PSR,CDR3,20,0.02499401788744657,45,11265,length-matched uniform amino-acid reference,200
PSR,CDR3,21,0.0723987370729446,1,11265,length-matched uniform amino-acid reference,200
PSR,CDR3,22,0.0608623437583446,1,11265,length-matched uniform amino-acid reference,200
PSR,CDR3,23,0.3799581229686737,1,11265,length-matched uniform amino-acid reference,200
PSR,CDR3,24,0.015405086800456,1,11265,length-matched uniform amino-acid reference,200
PSR,CDR3,25,,0,11265,length-matched uniform amino-acid reference,200
PSR,VH,1,0.10928046414277257,11265,11265,length-matched uniform amino-acid reference,200
PSR,VH,2,0.0026672267376918603,11265,11265,length-matched uniform amino-acid reference,200
PSR,VH,3,0.061486096398411315,11265,11265,length-matched uniform amino-acid reference,200
PSR,VH,4,0.037960818580889524,11265,11265,length-matched uniform amino-acid reference,200
PSR,VH,5,0.02285837986462286,11265,11265,length-matched uniform amino-acid reference,200
PSR,VH,6,0.03846622317685476,11265,11265,length-matched uniform amino-acid reference,200
PSR,VH,7,0.04633788075951192,11265,11265,length-matched uniform amino-acid reference,200
PSR,VH,8,0.03405332364542079,11265,11265,length-matched uniform amino-acid reference,200
PSR,VH,9,0.03338976189395127,11265,11265,length-matched uniform amino-acid reference,200
PSR,VH,10,0.038211530612767546,11265,11265,length-matched uniform amino-acid reference,200
PSR,VH,11,0.014483821623925214,11265,11265,length-matched uniform amino-acid reference,200
PSR,VH,12,0.006981817060504622,11265,11265,length-matched uniform amino-acid reference,200
PSR,VH,13,0.01168290484893321,11265,11265,length-matched uniform amino-acid reference,200
PSR,VH,14,0.00393223562271648,11265,11265,length-matched uniform amino-acid reference,200
PSR,VH,15,0.03574979033005324,11265,11265,length-matched uniform amino-acid reference,200
PSR,VH,16,0.035983118180663375,11265,11265,length-matched uniform amino-acid reference,200
PSR,VH,17,0.04630421216757133,11265,11265,length-matched uniform amino-acid reference,200
PSR,VH,18,0.024870271839813923,11265,11265,length-matched uniform amino-acid reference,200
PSR,VH,19,0.00454966620122408,11265,11265,length-matched uniform amino-acid reference,200
PSR,VH,20,0.034291645975234146,11265,11265,length-matched uniform amino-acid reference,200
PSR,VH,21,0.04227726077937872,11265,11265,length-matched uniform amino-acid reference,200
PSR,VH,22,0.019390120672717597,11265,11265,length-matched uniform amino-acid reference,200
PSR,VH,23,0.010231610032411263,11265,11265,length-matched uniform amino-acid reference,200
PSR,VH,24,0.010270851808800562,11265,11265,length-matched uniform amino-acid reference,200
PSR,VH,25,0.04706318759881502,11265,11265,length-matched uniform amino-acid reference,200
PSR,VH,26,0.01695773950474116,11265,11265,length-matched uniform amino-acid reference,200
PSR,VH,27,0.013576336487874678,11265,11265,length-matched uniform amino-acid reference,200
PSR,VH,28,0.01154657536861306,11265,11265,length-matched uniform amino-acid reference,200
PSR,VH,29,0.015394678003985017,11265,11265,length-matched uniform amino-acid reference,200
PSR,VH,30,0.08584625439705341,11265,11265,length-matched uniform amino-acid reference,200
PSR,VH,31,0.10255047563002266,11265,11265,length-matched uniform amino-acid reference,200
PSR,VH,32,0.04408078686889345,11265,11265,length-matched uniform amino-acid reference,200
PSR,VH,33,0.023169290051792548,11265,11265,length-matched uniform amino-acid reference,200
PSR,VH,34,0.01982447969443228,11265,11265,length-matched uniform amino-acid reference,200
PSR,VH,35,0.0989127670497006,11265,11265,length-matched uniform amino-acid reference,200
PSR,VH,36,0.03521140128112846,11265,11265,length-matched uniform amino-acid reference,200
PSR,VH,37,0.006153446057118624,11265,11265,length-matched uniform amino-acid reference,200
PSR,VH,38,0.007704313058874,11265,11265,length-matched uniform amino-acid reference,200
PSR,VH,39,0.01276527854050325,11265,11265,length-matched uniform amino-acid reference,200
PSR,VH,40,0.006324628446949939,11265,11265,length-matched uniform amino-acid reference,200
PSR,VH,41,0.002306645043708683,11265,11265,length-matched uniform amino-acid reference,200
PSR,VH,42,0.01989374224005487,11265,11265,length-matched uniform amino-acid reference,200
PSR,VH,43,0.01189238238057445,11265,11265,length-matched uniform amino-acid reference,200
PSR,VH,44,0.022369341514558147,11265,11265,length-matched uniform amino-acid reference,200
PSR,VH,45,0.001000948190759723,11265,11265,length-matched uniform amino-acid reference,200
PSR,VH,46,0.011834102626509593,11265,11265,length-matched uniform amino-acid reference,200
PSR,VH,47,0.013851887981962026,11265,11265,length-matched uniform amino-acid reference,200
PSR,VH,48,0.005503062849215427,11265,11265,length-matched uniform amino-acid reference,200
PSR,VH,49,0.030232588834382623,11265,11265,length-matched uniform amino-acid reference,200
PSR,VH,50,0.015010591689993226,11265,11265,length-matched uniform amino-acid reference,200
PSR,VH,51,0.009491890193865522,11265,11265,length-matched uniform amino-acid reference,200
PSR,VH,52,0.048330849602188475,11265,11265,length-matched uniform amino-acid reference,200
PSR,VH,53,0.03938586560528121,11265,11265,length-matched uniform amino-acid reference,200
PSR,VH,54,0.03416507922460408,11265,11265,length-matched uniform amino-acid reference,200
PSR,VH,55,0.015702704814546005,11265,11265,length-matched uniform amino-acid reference,200
PSR,VH,56,0.023371812869177454,11265,11265,length-matched uniform amino-acid reference,200
PSR,VH,57,0.006527755454805112,11265,11265,length-matched uniform amino-acid reference,200
PSR,VH,58,0.0043589776636328795,11265,11265,length-matched uniform amino-acid reference,200
PSR,VH,59,0.011248397290977546,11265,11265,length-matched uniform amino-acid reference,200
PSR,VH,60,0.005908578775045517,11265,11265,length-matched uniform amino-acid reference,200
PSR,VH,61,0.005682559906420465,11265,11265,length-matched uniform amino-acid reference,200
PSR,VH,62,0.010894726055496044,11265,11265,length-matched uniform amino-acid reference,200
PSR,VH,63,0.01977242621783368,11265,11265,length-matched uniform amino-acid reference,200
PSR,VH,64,0.008161239569960796,11265,11265,length-matched uniform amino-acid reference,200
PSR,VH,65,0.007582265425182296,11265,11265,length-matched uniform amino-acid reference,200
PSR,VH,66,0.01990001673615482,11265,11265,length-matched uniform amino-acid reference,200
PSR,VH,67,0.003453945965731684,11265,11265,length-matched uniform amino-acid reference,200
PSR,VH,68,0.00814507484287821,11265,11265,length-matched uniform amino-acid reference,200
PSR,VH,69,0.009436129103257068,11265,11265,length-matched uniform amino-acid reference,200
PSR,VH,70,0.004968476038613367,11265,11265,length-matched uniform amino-acid reference,200
PSR,VH,71,0.024103047251531822,11265,11265,length-matched uniform amino-acid reference,200
PSR,VH,72,0.0022238683366205087,11265,11265,length-matched uniform amino-acid reference,200
PSR,VH,73,0.015744850684463255,11265,11265,length-matched uniform amino-acid reference,200
PSR,VH,74,0.022126999921183037,11265,11265,length-matched uniform amino-acid reference,200
PSR,VH,75,0.03231847925133142,11265,11265,length-matched uniform amino-acid reference,200
PSR,VH,76,0.01442184766326252,11265,11265,length-matched uniform amino-acid reference,200
PSR,VH,77,0.02558382762094485,11265,11265,length-matched uniform amino-acid reference,200
PSR,VH,78,0.010023349246710384,11265,11265,length-matched uniform amino-acid reference,200
PSR,VH,79,0.006699058547265948,11265,11265,length-matched uniform amino-acid reference,200
PSR,VH,80,0.0021006394671105504,11265,11265,length-matched uniform amino-acid reference,200
PSR,VH,81,0.006031958761339615,11265,11265,length-matched uniform amino-acid reference,200
PSR,VH,82,0.005714504018731884,11265,11265,length-matched uniform amino-acid reference,200
PSR,VH,83,0.012266968633094321,11265,11265,length-matched uniform amino-acid reference,200
PSR,VH,84,0.02964584526959193,11265,11265,length-matched uniform amino-acid reference,200
PSR,VH,85,0.03137353112043944,11265,11265,length-matched uniform amino-acid reference,200
PSR,VH,86,0.007526389586563924,11265,11265,length-matched uniform amino-acid reference,200
PSR,VH,87,0.0074047588136742165,11265,11265,length-matched uniform amino-acid reference,200
PSR,VH,88,0.011867845046752822,11265,11265,length-matched uniform amino-acid reference,200
PSR,VH,89,0.01153288674991386,11265,11265,length-matched uniform amino-acid reference,200
PSR,VH,90,0.012098603217361906,11265,11265,length-matched uniform amino-acid reference,200
PSR,VH,91,0.004358786743585197,11265,11265,length-matched uniform amino-acid reference,200
PSR,VH,92,0.008006060710532276,11265,11265,length-matched uniform amino-acid reference,200
PSR,VH,93,0.007147087581107188,11265,11265,length-matched uniform amino-acid reference,200
PSR,VH,94,0.0040281115678711885,11265,11265,length-matched uniform amino-acid reference,200
PSR,VH,95,0.004019602894501051,11265,11265,length-matched uniform amino-acid reference,200
PSR,VH,96,0.0014232090953255777,11265,11265,length-matched uniform amino-acid reference,200
PSR,VH,97,0.0006836112752945206,11265,11265,length-matched uniform amino-acid reference,200
PSR,VH,98,0.0032629226792989384,11265,11265,length-matched uniform amino-acid reference,200
PSR,VH,99,0.00908843289500317,11265,11265,length-matched uniform amino-acid reference,200
PSR,VH,100,0.008349908450164605,11265,11265,length-matched uniform amino-acid reference,200
PSR,VH,101,0.009496538176677406,11265,11265,length-matched uniform amino-acid reference,200
PSR,VH,102,0.010351912625598996,11265,11265,length-matched uniform amino-acid reference,200
PSR,VH,103,0.01199288567426406,11265,11265,length-matched uniform amino-acid reference,200
PSR,VH,104,0.01244702012105933,11265,11265,length-matched uniform amino-acid reference,200
PSR,VH,105,0.012573034416186723,11265,11265,length-matched uniform amino-acid reference,200
PSR,VH,106,0.012140467305508218,11265,11265,length-matched uniform amino-acid reference,200
PSR,VH,107,0.012718073505248556,11265,11265,length-matched uniform amino-acid reference,200
PSR,VH,108,0.014094807510445928,11265,11265,length-matched uniform amino-acid reference,200
PSR,VH,109,0.015891327746731496,11265,11265,length-matched uniform amino-acid reference,200
PSR,VH,110,0.015437638305343,11265,11265,length-matched uniform amino-acid reference,200
PSR,VH,111,0.014736679278290839,11265,11265,length-matched uniform amino-acid reference,200
PSR,VH,112,0.011801750659191809,11265,11265,length-matched uniform amino-acid reference,200
PSR,VH,113,0.009488745034435402,11265,11265,length-matched uniform amino-acid reference,200
PSR,VH,114,0.009906146496979084,11265,11265,length-matched uniform amino-acid reference,200
PSR,VH,115,0.0115988152649144,11265,11265,length-matched uniform amino-acid reference,200
PSR,VH,116,0.0122040599177146,11264,11265,length-matched uniform amino-acid reference,200
PSR,VH,117,0.016013637387021346,11240,11265,length-matched uniform amino-acid reference,200
PSR,VH,118,0.016682057252066763,11098,11265,length-matched uniform amino-acid reference,200
PSR,VH,119,0.01996784014741578,10516,11265,length-matched uniform amino-acid reference,200
PSR,VH,120,0.022530505673521013,9530,11265,length-matched uniform amino-acid reference,200
PSR,VH,121,0.0259988227250313,8047,11265,length-matched uniform amino-acid reference,200
PSR,VH,122,0.02853778504556538,5910,11265,length-matched uniform amino-acid reference,200
PSR,VH,123,0.03340679314025119,3403,11265,length-matched uniform amino-acid reference,200
PSR,VH,124,0.03398074320042941,1758,11265,length-matched uniform amino-acid reference,200
PSR,VH,125,0.030273027284397833,393,11265,length-matched uniform amino-acid reference,200
PSR,VH,126,0.03358817676596927,190,11265,length-matched uniform amino-acid reference,200
PSR,VH,127,0.033169350472207204,65,11265,length-matched uniform amino-acid reference,200
PSR,VH,128,0.030195235507562704,16,11265,length-matched uniform amino-acid reference,200
PSR,VH,129,0.03275725729763502,5,11265,length-matched uniform amino-acid reference,200
PSR,VH,130,0.0450331829488277,1,11265,length-matched uniform amino-acid reference,200
PSR,VH,131,0.0452821031212806,1,11265,length-matched uniform amino-acid reference,200
PSR,VH,132,,0,11265,length-matched uniform amino-acid reference,200
PSR,VH,133,,0,11265,length-matched uniform amino-acid reference,200
PSR,VH,134,,0,11265,length-matched uniform amino-acid reference,200
PSR,VH,135,,0,11265,length-matched uniform amino-acid reference,200
