assay,region,position,mean_abs_ig,n
SEC,CDR3,1,0.06563711314462121,500
SEC,CDR3,2,0.01208895917726472,500
SEC,CDR3,3,0.6423483789470047,500
SEC,CDR3,4,0.40881549376714976,500
SEC,CDR3,5,0.4757501995972125,500
SEC,CDR3,6,0.5673422332888731,500
SEC,CDR3,7,0.5382467987732962,500
SEC,CDR3,8,0.5480258764387108,500
SEC,CDR3,9,0.5109752703895792,500
SEC,CDR3,10,0.3944729275077989,500
SEC,CDR3,11,0.33920013100324,498
SEC,CDR3,12,0.2661357405495082,487
SEC,CDR3,13,0.29661082364940283,449
SEC,CDR3,14,0.26374855592786844,400
SEC,CDR3,15,0.24363829416660726,314
SEC,CDR3,16,0.2831204815797204,221
SEC,CDR3,17,0.37263880310145986,133
SEC,CDR3,18,0.12981104316669506,74
SEC,CDR3,19,0.06816415612543504,22
SEC,CDR3,20,0.16389202353145396,7
SEC,CDR3,21,0.03068264077107107,3
SEC,CDR3,22,,0
SEC,CDR3,23,,0
SEC,CDR3,24,,0
SEC,CDR3,25,,0
SEC,VH,1,0.0031834557645488014,500
SEC,VH,2,0.0055785918841138,500
SEC,VH,3,0.0034906397103331497,500
SEC,VH,4,0.01903350246883924,500
SEC,VH,5,0.01155259272584221,500
SEC,VH,6,0.0006118995819463896,500
SEC,VH,7,0.001064996788307274,500
SEC,VH,8,0.008170832361094605,500
SEC,VH,9,0.004421328780241261,500
SEC,VH,10,0.005320853826808111,500
SEC,VH,11,0.01638944333139802,500
SEC,VH,12,0.01200743615254755,500
SEC,VH,13,0.008213036857312494,500
SEC,VH,14,0.003269498941488513,500
SEC,VH,15,0.010805017863267444,500
SEC,VH,16,0.006534214307583121,500
SEC,VH,17,0.0033757297111782956,500
SEC,VH,18,0.029561479593627107,500
SEC,VH,19,0.009584616050873544,500
SEC,VH,20,0.01755173447602278,500
SEC,VH,21,0.0014059481742992332,500
SEC,VH,22,0.005163313555531154,500
SEC,VH,23,0.006101441125618244,500
SEC,VH,24,0.0032289968691765775,500
SEC,VH,25,0.0024881164482139367,500
SEC,VH,26,0.01311481357738371,500
SEC,VH,27,0.0062513130541119125,500
SEC,VH,28,0.0037308246245147066,500
SEC,VH,29,0.0027324312229756727,500
SEC,VH,30,0.0011485600130410588,500
SEC,VH,31,0.0018060870478511272,500
SEC,VH,32,0.0012095215365988633,500
SEC,VH,33,0.002740481833101461,500
SEC,VH,34,0.0019322443582195298,500
SEC,VH,35,0.002327102279028574,500
SEC,VH,36,0.0016443355765949912,500
SEC,VH,37,0.00579183163397824,500
SEC,VH,38,0.001442783478173582,500
SEC,VH,39,0.003051159761380354,500
SEC,VH,40,0.0012154698365723854,500
SEC,VH,41,0.002885604814160566,500
SEC,VH,42,0.009056123584974507,500
SEC,VH,43,0.0035109087872478508,500
SEC,VH,44,0.010901121554896186,500
SEC,VH,45,0.014103962478227865,500
SEC,VH,46,0.0012781654130666945,500
SEC,VH,47,0.0017164007936953075,500
SEC,VH,48,0.005391851424159491,500
SEC,VH,49,0.009285167143422268,500
SEC,VH,50,0.006929637131039678,500
SEC,VH,51,0.0007185508870179124,500
SEC,VH,52,0.0037244343039928413,500
SEC,VH,53,0.005278850529342842,500
SEC,VH,54,0.003219355292358398,500
SEC,VH,55,0.0072481535469123125,500
SEC,VH,56,0.007534908436005884,500
SEC,VH,57,0.004721546392189291,500
SEC,VH,58,0.00239067069405492,500
SEC,VH,59,0.0024253050546739793,500
SEC,VH,60,0.0009842048743857498,500
SEC,VH,61,0.0013352851573453783,500
SEC,VH,62,0.0022536121113736116,500
SEC,VH,63,0.004765654771002979,500
SEC,VH,64,0.003726006588212791,500
SEC,VH,65,0.0036012658419494505,500
SEC,VH,66,0.009682076164637643,500
SEC,VH,67,0.0024772903046104567,500
SEC,VH,68,0.005972729972319891,500
SEC,VH,69,0.008136961156706047,500
SEC,VH,70,0.0014449557107900058,500
SEC,VH,71,0.004343864883994635,500
SEC,VH,72,0.0014400375709928506,500
SEC,VH,73,0.0026242052615852557,500
SEC,VH,74,0.0026951108048196564,500
SEC,VH,75,0.0020373371286186246,500
SEC,VH,76,0.005137544220422522,500
SEC,VH,77,0.0024795468873744053,500
SEC,VH,78,0.00488113009184594,500
SEC,VH,79,0.007083061504541497,500
SEC,VH,80,0.0017520021019444768,500
SEC,VH,81,0.010017787113087203,500
SEC,VH,82,0.003005906498525242,500
SEC,VH,83,0.0077951879436440755,500
SEC,VH,84,0.0027946087501476953,500
SEC,VH,85,0.0009028135221808624,500
SEC,VH,86,0.01118898469972914,500
SEC,VH,87,0.0029962414136206874,500
SEC,VH,88,0.001261319110559223,500
SEC,VH,89,0.0014236366381373462,500
SEC,VH,90,0.0015180846847360448,500
SEC,VH,91,0.0037248584938060466,500
SEC,VH,92,0.001275195664624286,500
SEC,VH,93,0.004741713312803714,500
SEC,VH,94,0.0005631257687054549,500
SEC,VH,95,0.0007772780693193844,500
SEC,VH,96,0.004022318553907047,500
SEC,VH,97,0.0013532821853659185,500
SEC,VH,98,0.000766929494391612,500
SEC,VH,99,0.003958443024163624,500
SEC,VH,100,0.003948861245267333,500
SEC,VH,101,0.0035754768979240413,500
SEC,VH,102,0.0038084624462789633,500
SEC,VH,103,0.0034210776960525873,500
SEC,VH,104,0.003283675230721152,500
SEC,VH,105,0.003141733888090992,500
SEC,VH,106,0.003249509440109202,500
SEC,VH,107,0.00282632304739486,500
SEC,VH,108,0.0027607155340510408,500
SEC,VH,109,0.0031475832269933974,500
SEC,VH,110,0.0033742501633023023,500
SEC,VH,111,0.004096517061079743,500
SEC,VH,112,0.005049864939377537,500
SEC,VH,113,0.005978060324414352,500
SEC,VH,114,0.006198530102087666,500
SEC,VH,115,0.005903000468868365,500
SEC,VH,116,0.005052689301344748,500
SEC,VH,117,0.004536162362541412,499
SEC,VH,118,0.004391860764758063,485
SEC,VH,119,0.0046340276830738325,451
SEC,VH,120,0.0043668785207347455,398
SEC,VH,121,0.004319297023722556,314
SEC,VH,122,0.0036105164587199533,219
SEC,VH,123,0.0026020668237637084,139
SEC,VH,124,0.0022857028714497103,80
SEC,VH,125,0.0019356200355104543,26
SEC,VH,126,0.0017288384260609301,10
SEC,VH,127,0.0015800769440829203,5
SEC,VH,128,0.0007657965179532,1
SEC,VH,129,,0
SEC,VH,130,,0
SEC,VH,131,,0
SEC,VH,132,,0
SEC,VH,133,,0
SEC,VH,134,,0
SEC,VH,135,,0
